OrderID,CustomerName,Amount,Date,Category
1,Customer_988,146.79,2026-03-07,Clothing
2,Customer_404,82.99,2026-06-08,Toys
3,Customer_382,269.38,2025-12-29,Clothing
4,Customer_386,300.19,2025-08-11,Electronics
5,Customer_96,418.53,2026-06-05,Electronics
6,Customer_479,444.48,2026-02-19,Electronics
7,Customer_38,249.44,2026-02-28,Toys
8,Customer_100,260.66,2025-11-05,Clothing
9,Customer_192,370.66,2025-11-19,Toys
10,Customer_364,446.64,2026-01-15,Books
11,Customer_518,35.92,2026-06-19,Clothing
12,Customer_748,108.06,2025-12-14,Toys
13,Customer_290,76.74,2025-10-26,Furniture
14,Customer_360,45.37,2025-11-06,Books
15,Customer_828,491.86,2026-03-07,Toys
16,Customer_470,83.31,2025-09-24,Clothing
17,Customer_376,110.77,2026-07-17,Furniture
18,Customer_99,286.68,2026-04-08,Toys
19,Customer_593,148.87,2025-12-02,Toys
20,Customer_572,135.76,2026-02-14,Books
21,Customer_55,301.7,2026-05-12,Electronics
22,Customer_138,242.1,2026-07-20,Clothing
23,Customer_567,344.64,2026-02-22,Toys
24,Customer_283,48.21,2025-08-25,Furniture
25,Customer_443,69.74,2026-01-31,Electronics
26,Customer_804,332.27,2026-01-28,Electronics
27,Customer_41,447.49,2026-05-24,Clothing
28,Customer_67,67.89,2025-12-31,Clothing
29,Customer_473,448.53,2026-01-26,Clothing
30,Customer_595,69.26,2025-08-13,Furniture
31,Customer_388,359.68,2025-12-02,Furniture
32,Customer_596,477.73,2026-04-09,Electronics
33,Customer_658,457.82,2026-03-31,Furniture
34,Customer_816,428.89,2026-04-02,Furniture
35,Customer_819,100.78,2025-11-13,Toys
36,Customer_256,56.44,2025-09-06,Furniture
37,Customer_983,44.62,2025-12-25,Books
38,Customer_143,225.76,2026-04-23,Books
39,Customer_903,249.6,2025-08-29,Clothing
40,Customer_552,441.45,2026-07-10,Electronics
41,Customer_688,70.35,2026-05-20,Furniture
42,Customer_625,197.69,2025-11-18,Clothing
43,Customer_531,408.57,2025-10-30,Books
44,Customer_577,285.8,2026-02-22,Books
45,Customer_664,309.96,2025-12-27,Electronics
46,Customer_222,464.81,2026-05-19,Books
47,Customer_458,152.72,2025-10-21,Toys
48,Customer_66,399.7,2026-06-21,Electronics
49,Customer_973,440.03,2026-07-07,Electronics
50,Customer_584,278.62,2025-10-22,Toys
51,Customer_82,293.35,2025-11-22,Furniture
52,Customer_346,431.62,2025-11-15,Furniture
53,Customer_209,380.67,2025-11-15,Books
54,Customer_423,200.16,2026-07-31,Furniture
55,Customer_835,363.22,2025-08-04,Clothing
56,Customer_445,424.58,2026-02-10,Electronics
57,Customer_324,206.47,2025-12-09,Clothing
58,Customer_214,419.67,2025-12-02,Electronics
59,Customer_679,460.0,2026-04-14,Electronics
60,Customer_442,147.73,2026-07-26,Clothing
61,Customer_581,266.96,2025-09-04,Furniture
62,Customer_786,233.27,2025-08-14,Toys
63,Customer_22,310.32,2026-06-26,Furniture
64,Customer_121,292.29,2025-09-23,Electronics
65,Customer_546,232.3,2025-12-06,Books
66,Customer_647,89.71,2026-06-15,Books
67,Customer_429,396.64,2025-12-02,Electronics
68,Customer_902,275.81,2025-12-30,Electronics
69,Customer_751,245.24,2026-02-13,Furniture
70,Customer_357,273.73,2025-09-21,Toys
71,Customer_491,164.27,2025-12-08,Clothing
72,Customer_994,268.88,2026-01-29,Books
73,Customer_750,68.27,2026-06-28,Books
74,Customer_930,297.77,2025-09-16,Clothing
75,Customer_139,13.06,2026-07-28,Clothing
76,Customer_578,114.01,2025-08-11,Books
77,Customer_760,286.15,2026-05-30,Toys
78,Customer_151,250.69,2025-08-21,Toys
79,Customer_446,56.75,2025-08-31,Electronics
80,Customer_802,107.3,2025-11-26,Toys
81,Customer_175,76.81,2026-04-02,Toys
82,Customer_617,392.88,2026-03-29,Books
83,Customer_126,347.51,2026-04-11,Toys
84,Customer_787,46.08,2026-06-07,Electronics
85,Customer_62,221.35,2025-08-26,Electronics
86,Customer_381,114.98,2025-11-26,Toys
87,Customer_798,385.05,2025-12-03,Books
88,Customer_308,58.75,2025-09-13,Books
89,Customer_289,33.03,2025-10-08,Books
90,Customer_967,418.72,2026-01-11,Clothing
91,Customer_676,75.82,2025-11-06,Electronics
92,Customer_162,289.46,2026-01-10,Electronics
93,Customer_775,466.18,2025-08-15,Clothing
94,Customer_501,307.47,2025-08-03,Furniture
95,Customer_243,182.18,2025-11-15,Furniture
96,Customer_262,77.58,2025-12-21,Clothing
97,Customer_258,78.37,2026-07-01,Electronics
98,Customer_413,16.21,2026-06-21,Clothing
99,Customer_225,239.6,2026-07-02,Books
100,Customer_406,294.62,2025-12-17,Electronics
101,Customer_602,327.22,2025-09-12,Clothing
102,Customer_489,424.61,2026-03-10,Furniture
103,Customer_909,190.06,2026-06-21,Clothing
104,Customer_464,136.81,2025-08-02,Toys
105,Customer_317,56.28,2026-02-20,Toys
106,Customer_846,160.63,2026-03-27,Clothing
107,Customer_84,431.87,2025-10-02,Clothing
108,Customer_51,103.27,2025-08-28,Toys
109,Customer_175,125.16,2026-06-15,Clothing
110,Customer_233,365.55,2026-03-22,Furniture
111,Customer_69,152.91,2025-11-22,Books
112,Customer_730,476.47,2026-01-23,Electronics
113,Customer_57,415.42,2025-08-12,Clothing
114,Customer_115,90.17,2025-09-05,Furniture
115,Customer_41,463.06,2025-10-23,Toys
116,Customer_952,360.18,2026-05-04,Books
117,Customer_829,112.75,2025-08-29,Clothing
118,Customer_391,21.41,2025-10-12,Toys
119,Customer_252,52.6,2025-08-21,Clothing
120,Customer_44,497.34,2025-09-22,Electronics
121,Customer_664,298.75,2025-10-30,Toys
122,Customer_189,176.44,2026-07-25,Toys
123,Customer_997,451.18,2025-12-09,Furniture
124,Customer_333,446.09,2025-10-27,Furniture
125,Customer_884,233.15,2026-03-29,Clothing
126,Customer_555,251.01,2025-08-12,Furniture
127,Customer_705,131.05,2025-08-29,Furniture
128,Customer_863,125.44,2026-01-27,Toys
129,Customer_711,329.55,2026-07-24,Books
130,Customer_335,68.01,2026-05-11,Books
131,Customer_559,453.19,2026-06-20,Electronics
132,Customer_933,38.75,2025-12-14,Furniture
133,Customer_601,143.79,2025-08-07,Books
134,Customer_732,223.8,2026-02-20,Books
135,Customer_819,355.33,2025-08-25,Toys
136,Customer_961,224.28,2026-01-28,Clothing
137,Customer_197,434.21,2025-11-10,Clothing
138,Customer_254,121.49,2026-01-12,Furniture
139,Customer_838,422.52,2025-09-24,Toys
140,Customer_195,83.96,2026-04-21,Electronics
141,Customer_670,352.51,2026-02-15,Books
142,Customer_271,111.88,2026-04-26,Clothing
143,Customer_713,16.99,2026-03-17,Clothing
144,Customer_228,219.42,2026-04-09,Electronics
145,Customer_275,491.77,2025-09-08,Books
146,Customer_649,472.16,2026-07-28,Books
147,Customer_128,62.56,2026-02-04,Books
148,Customer_333,123.57,2026-05-20,Electronics
149,Customer_538,285.28,2025-12-30,Books
150,Customer_549,101.61,2026-06-12,Toys
151,Customer_93,313.77,2026-03-08,Clothing
152,Customer_174,190.31,2026-01-07,Clothing
153,Customer_109,103.19,2025-08-30,Clothing
154,Customer_476,298.38,2025-09-12,Furniture
155,Customer_778,137.71,2025-10-01,Books
156,Customer_695,69.59,2026-01-13,Electronics
157,Customer_833,252.21,2026-01-24,Electronics
158,Customer_803,39.72,2026-04-04,Electronics
159,Customer_333,285.24,2026-03-13,Clothing
160,Customer_614,466.66,2025-09-11,Books
161,Customer_658,279.56,2025-10-27,Toys
162,Customer_204,190.44,2026-04-07,Clothing
163,Customer_883,284.62,2025-12-22,Electronics
164,Customer_490,184.73,2026-02-28,Furniture
165,Customer_577,493.01,2026-05-28,Clothing
166,Customer_366,149.53,2026-03-29,Books
167,Customer_920,136.01,2026-06-11,Toys
168,Customer_479,101.14,2026-04-03,Electronics
169,Customer_854,161.51,2025-12-15,Toys
170,Customer_556,205.87,2025-11-25,Electronics
171,Customer_927,276.31,2026-04-06,Clothing
172,Customer_715,68.46,2025-12-06,Clothing
173,Customer_969,157.75,2026-03-26,Furniture
174,Customer_46,492.35,2025-10-12,Clothing
175,Customer_308,304.96,2025-11-05,Books
176,Customer_103,378.68,2026-06-08,Toys
177,Customer_145,431.31,2026-05-20,Clothing
178,Customer_389,245.8,2025-10-24,Clothing
179,Customer_937,490.98,2026-04-13,Books
180,Customer_890,311.89,2026-07-25,Books
181,Customer_479,422.74,2026-01-08,Electronics
182,Customer_271,170.62,2026-03-27,Clothing
183,Customer_871,251.73,2026-06-05,Electronics
184,Customer_503,249.04,2026-04-09,Furniture
185,Customer_452,191.6,2025-12-02,Furniture
186,Customer_350,380.31,2026-02-08,Clothing
187,Customer_28,455.83,2025-10-20,Toys
