OrderID,CustomerName,Amount,Date,Category
1,Customer_334,480.39,2026-03-19,Toys
2,Customer_836,15.29,2025-09-04,Books
3,Customer_221,215.83,2026-05-09,Toys
4,Customer_599,141.65,2025-10-20,Toys
5,Customer_152,74.75,2026-04-21,Books
6,Customer_812,48.22,2025-11-03,Electronics
7,Customer_418,492.38,2026-01-28,Books
8,Customer_746,456.87,2025-08-19,Furniture
9,Customer_225,246.72,2025-08-16,Toys
10,Customer_373,126.56,2026-06-05,Furniture
11,Customer_42,183.54,2025-10-11,Books
12,Customer_125,50.1,2026-05-26,Toys
13,Customer_813,383.55,2025-09-12,Electronics
14,Customer_482,180.13,2025-12-27,Electronics
15,Customer_31,237.92,2026-01-08,Furniture
16,Customer_707,193.72,2025-11-15,Clothing
17,Customer_146,464.6,2025-09-20,Electronics
18,Customer_581,263.88,2025-09-03,Furniture
19,Customer_560,277.42,2026-05-01,Toys
20,Customer_371,284.05,2026-01-14,Toys
21,Customer_998,201.2,2026-03-14,Books
22,Customer_806,88.83,2026-07-10,Toys
23,Customer_506,480.6,2026-06-08,Clothing
24,Customer_983,74.11,2025-08-25,Furniture
25,Customer_680,280.44,2026-04-21,Clothing
26,Customer_271,438.79,2026-03-06,Books
27,Customer_939,331.91,2025-11-05,Toys
28,Customer_47,459.48,2025-12-19,Books
29,Customer_543,318.48,2026-03-16,Electronics
30,Customer_676,294.08,2026-06-02,Furniture
31,Customer_13,158.07,2025-08-12,Books
32,Customer_616,248.78,2026-04-30,Clothing
33,Customer_84,326.32,2025-08-04,Toys
34,Customer_588,189.98,2026-03-10,Books
35,Customer_250,218.83,2026-02-21,Electronics
36,Customer_805,480.48,2026-04-24,Furniture
37,Customer_267,280.85,2026-03-20,Clothing
38,Customer_574,18.28,2026-02-11,Electronics
39,Customer_795,114.47,2026-07-26,Electronics
40,Customer_896,89.41,2026-01-01,Electronics
41,Customer_999,191.13,2025-12-24,Electronics
42,Customer_734,72.48,2025-08-03,Furniture
43,Customer_611,208.31,2026-01-10,Clothing
44,Customer_687,389.54,2026-04-08,Books
45,Customer_482,221.91,2026-07-16,Toys
46,Customer_269,45.58,2026-04-04,Furniture
47,Customer_803,182.16,2026-01-03,Clothing
48,Customer_320,496.95,2026-04-27,Clothing
49,Customer_264,459.97,2026-04-29,Clothing
50,Customer_471,332.49,2025-09-13,Toys
51,Customer_620,183.81,2026-02-06,Furniture
52,Customer_94,161.03,2026-07-16,Clothing
53,Customer_550,201.74,2025-08-12,Toys
54,Customer_947,369.49,2026-07-08,Furniture
55,Customer_814,67.96,2025-09-27,Electronics
56,Customer_870,262.11,2025-12-31,Clothing
57,Customer_476,176.19,2026-05-23,Toys
58,Customer_66,62.66,2026-07-15,Clothing
59,Customer_793,458.98,2026-07-02,Furniture
60,Customer_36,424.16,2025-11-17,Electronics
61,Customer_420,275.75,2026-04-01,Toys
62,Customer_221,137.72,2025-12-02,Furniture
63,Customer_20,198.41,2026-06-02,Toys
64,Customer_146,362.67,2025-10-28,Furniture
65,Customer_97,19.46,2026-05-07,Furniture
66,Customer_770,227.26,2026-07-30,Clothing
67,Customer_992,288.51,2026-01-03,Books
68,Customer_465,269.08,2026-02-13,Toys
69,Customer_26,250.29,2026-06-12,Clothing
70,Customer_904,353.87,2025-09-06,Furniture
71,Customer_431,187.78,2025-11-13,Toys
72,Customer_227,423.61,2025-12-14,Books
73,Customer_10,473.9,2026-06-23,Electronics
74,Customer_404,421.92,2026-03-26,Books
75,Customer_628,371.66,2026-04-27,Books
76,Customer_52,410.13,2026-03-22,Electronics
77,Customer_458,105.05,2026-02-09,Books
78,Customer_591,17.96,2025-12-23,Electronics
79,Customer_482,25.52,2025-10-17,Furniture
80,Customer_63,331.81,2026-07-30,Toys
81,Customer_602,77.5,2026-02-27,Furniture
82,Customer_398,213.71,2026-03-28,Books
83,Customer_22,263.56,2026-03-06,Books
84,Customer_862,185.53,2026-04-22,Electronics
85,Customer_153,12.51,2026-02-13,Electronics
86,Customer_341,403.03,2025-10-16,Furniture
87,Customer_387,279.09,2025-09-19,Toys
88,Customer_367,470.02,2025-12-16,Electronics
89,Customer_814,174.17,2026-03-28,Toys
90,Customer_849,477.51,2026-04-19,Clothing
91,Customer_49,311.6,2026-04-02,Toys
92,Customer_59,77.97,2025-08-11,Furniture
93,Customer_955,405.83,2026-01-28,Electronics
94,Customer_840,426.44,2026-05-28,Furniture
95,Customer_917,476.47,2026-03-30,Clothing
96,Customer_993,123.13,2026-04-29,Clothing
97,Customer_241,167.14,2025-08-25,Clothing
98,Customer_680,313.59,2026-05-13,Electronics
99,Customer_791,263.6,2025-09-21,Toys
100,Customer_599,304.07,2025-09-22,Books
101,Customer_939,353.06,2026-02-05,Toys
102,Customer_636,50.61,2026-05-30,Books
103,Customer_433,334.78,2025-11-26,Electronics
104,Customer_213,60.46,2025-10-19,Electronics
105,Customer_925,155.17,2026-05-15,Books
106,Customer_263,224.58,2025-11-25,Electronics
107,Customer_377,141.84,2026-03-10,Electronics
108,Customer_268,199.27,2026-01-24,Toys
109,Customer_36,398.28,2026-06-17,Electronics
110,Customer_636,103.45,2026-07-26,Electronics
111,Customer_168,192.58,2026-02-21,Electronics
112,Customer_719,115.27,2025-08-09,Furniture
113,Customer_616,25.29,2025-12-11,Toys
114,Customer_688,459.97,2026-06-03,Toys
115,Customer_328,378.63,2025-11-08,Toys
116,Customer_239,48.7,2025-09-28,Clothing
117,Customer_122,232.13,2025-12-13,Toys
118,Customer_730,224.63,2026-07-27,Furniture
119,Customer_227,363.94,2026-05-22,Books
120,Customer_558,429.15,2025-10-22,Books
121,Customer_719,432.34,2026-03-26,Books
122,Customer_99,141.17,2025-12-29,Books
123,Customer_330,173.46,2026-03-02,Toys
124,Customer_32,304.33,2025-12-03,Toys
125,Customer_956,134.26,2025-09-14,Toys
126,Customer_555,133.16,2026-07-01,Furniture
127,Customer_58,64.93,2026-06-15,Clothing
128,Customer_594,259.36,2026-07-27,Furniture
129,Customer_998,436.48,2025-11-09,Books
130,Customer_494,444.23,2026-05-14,Electronics
131,Customer_33,224.03,2026-01-13,Books
132,Customer_689,389.54,2025-08-02,Electronics
133,Customer_15,144.49,2025-10-23,Furniture
134,Customer_321,325.77,2026-02-19,Toys
135,Customer_840,292.29,2025-12-24,Furniture
136,Customer_21,304.27,2025-11-08,Furniture
137,Customer_220,185.58,2026-03-05,Books
138,Customer_594,443.65,2026-01-05,Toys
139,Customer_8,88.86,2025-11-05,Electronics
140,Customer_107,94.54,2026-05-29,Books
141,Customer_435,260.12,2025-08-30,Electronics
142,Customer_898,250.04,2025-11-08,Toys
143,Customer_936,353.0,2025-11-27,Toys
144,Customer_140,469.93,2026-02-25,Toys
145,Customer_929,394.78,2025-12-15,Furniture
146,Customer_124,470.76,2025-08-16,Toys
147,Customer_29,171.01,2026-04-03,Toys
148,Customer_810,193.9,2025-09-10,Toys
149,Customer_24,177.92,2026-02-14,Furniture
150,Customer_375,119.41,2026-04-16,Clothing
151,Customer_46,309.39,2026-04-19,Furniture
152,Customer_44,473.4,2025-08-26,Furniture
153,Customer_923,429.1,2026-06-10,Books
154,Customer_655,347.51,2025-08-13,Furniture
155,Customer_319,247.23,2025-08-13,Furniture
156,Customer_719,29.33,2025-10-08,Toys
157,Customer_372,35.75,2026-05-16,Toys
158,Customer_929,314.92,2025-12-21,Toys
159,Customer_621,170.72,2025-11-09,Books
160,Customer_97,469.88,2026-02-27,Furniture
161,Customer_874,53.89,2025-12-24,Electronics
162,Customer_384,193.82,2026-02-27,Books
163,Customer_144,187.98,2026-01-19,Toys
164,Customer_57,292.16,2026-01-06,Clothing
165,Customer_241,387.93,2026-07-29,Electronics
166,Customer_737,326.33,2025-11-23,Clothing
167,Customer_140,280.07,2025-10-08,Clothing
168,Customer_70,357.61,2025-08-23,Toys
169,Customer_855,468.1,2026-03-23,Electronics
170,Customer_620,411.9,2026-05-04,Electronics
171,Customer_494,232.09,2026-07-17,Furniture
172,Customer_289,463.98,2026-01-08,Books
173,Customer_97,378.49,2026-07-05,Books
174,Customer_654,24.59,2026-02-26,Electronics
175,Customer_72,174.09,2025-10-08,Toys
176,Customer_303,74.87,2026-02-12,Books
177,Customer_873,335.96,2026-05-06,Clothing
178,Customer_428,454.58,2026-06-08,Furniture
179,Customer_562,91.56,2025-12-13,Electronics
180,Customer_981,84.45,2025-08-03,Furniture
181,Customer_619,380.66,2025-08-21,Furniture
182,Customer_60,121.18,2025-09-25,Toys
183,Customer_584,103.52,2025-12-07,Toys
184,Customer_319,357.64,2025-12-30,Clothing
185,Customer_40,452.45,2025-08-25,Electronics
186,Customer_198,72.98,2026-05-17,Furniture
187,Customer_379,107.98,2026-07-18,Furniture
188,Customer_921,451.76,2026-01-15,Clothing
189,Customer_304,65.18,2026-07-07,Electronics
190,Customer_292,12.45,2026-05-30,Furniture
191,Customer_799,165.95,2025-08-15,Books
192,Customer_343,63.05,2025-11-29,Clothing
193,Customer_523,106.15,2026-01-31,Toys
194,Customer_831,97.9,2025-11-25,Toys
195,Customer_733,494.5,2026-06-28,Electronics
196,Customer_869,261.75,2026-02-13,Toys
197,Customer_130,294.6,2025-10-12,Toys
198,Customer_343,310.95,2026-02-09,Toys
199,Customer_834,151.98,2025-10-09,Clothing
200,Customer_387,454.6,2026-01-20,Books
201,Customer_451,396.03,2025-10-27,Books
202,Customer_610,126.78,2026-07-11,Furniture
203,Customer_855,174.51,2026-06-12,Books
204,Customer_160,15.08,2026-07-28,Toys
205,Customer_836,413.6,2026-06-03,Clothing
206,Customer_933,231.19,2025-12-20,Toys
207,Customer_466,90.16,2026-03-12,Toys
208,Customer_470,212.78,2025-12-05,Toys
209,Customer_490,447.08,2025-11-23,Electronics
210,Customer_576,235.96,2026-04-20,Electronics
211,Customer_55,60.77,2025-10-17,Toys
212,Customer_643,152.6,2025-09-25,Clothing
213,Customer_248,444.99,2025-11-27,Clothing
214,Customer_823,431.74,2026-04-02,Electronics
215,Customer_185,287.46,2026-07-30,Books
216,Customer_577,218.03,2026-02-09,Toys
217,Customer_444,71.34,2026-03-17,Toys
218,Customer_379,292.82,2025-08-23,Furniture
219,Customer_313,85.77,2026-04-11,Books
220,Customer_577,323.94,2026-05-11,Clothing
221,Customer_224,79.65,2026-06-27,Furniture
222,Customer_812,422.01,2026-04-24,Toys
223,Customer_602,226.67,2025-11-20,Clothing
224,Customer_879,354.67,2026-01-30,Electronics
225,Customer_309,277.68,2026-03-27,Books
226,Customer_925,45.74,2025-09-26,Furniture
227,Customer_883,269.27,2026-07-15,Clothing
228,Customer_876,212.0,2025-09-12,Toys
229,Customer_45,271.35,2026-02-18,Electronics
230,Customer_719,177.55,2025-09-19,Books
231,Customer_865,415.76,2026-06-04,Electronics
232,Customer_330,169.46,2025-08-06,Electronics
233,Customer_114,56.21,2026-01-19,Toys
234,Customer_418,74.15,2026-01-24,Books
235,Customer_566,391.7,2025-08-09,Toys
236,Customer_787,409.03,2026-07-12,Electronics
237,Customer_825,263.75,2026-02-15,Furniture
238,Customer_383,349.49,2026-04-28,Toys
239,Customer_100,252.79,2026-03-26,Furniture
240,Customer_966,301.92,2025-11-25,Clothing
241,Customer_834,267.19,2026-04-06,Toys
242,Customer_347,202.99,2025-08-10,Toys
243,Customer_89,108.26,2026-02-19,Electronics
244,Customer_359,463.09,2025-11-19,Clothing
245,Customer_807,15.09,2026-07-01,Toys
246,Customer_778,188.18,2025-09-17,Clothing
247,Customer_940,433.33,2025-11-09,Toys
248,Customer_738,148.31,2025-09-30,Books
249,Customer_738,248.14,2026-07-11,Books
250,Customer_523,158.44,2025-12-25,Electronics
251,Customer_323,447.55,2025-08-15,Furniture
252,Customer_396,357.62,2026-01-16,Clothing
253,Customer_351,298.93,2025-08-11,Toys
254,Customer_222,443.07,2025-12-05,Furniture
255,Customer_127,343.12,2026-02-07,Clothing
256,Customer_901,226.06,2026-05-25,Furniture
257,Customer_838,285.89,2026-04-26,Books
258,Customer_738,335.43,2025-09-19,Books
259,Customer_983,249.64,2026-03-14,Clothing
260,Customer_848,231.4,2026-04-20,Books
261,Customer_683,170.07,2026-03-18,Books
262,Customer_465,427.61,2026-01-10,Books
263,Customer_641,138.34,2026-07-28,Electronics
264,Customer_146,17.63,2026-04-20,Furniture
265,Customer_170,432.91,2025-09-27,Clothing
266,Customer_15,314.59,2025-08-31,Electronics
267,Customer_501,159.41,2025-12-15,Electronics
268,Customer_633,136.58,2026-02-05,Furniture
269,Customer_309,407.93,2026-01-02,Electronics
270,Customer_193,210.19,2026-01-19,Electronics
271,Customer_248,114.54,2026-04-23,Furniture
272,Customer_124,17.38,2025-11-24,Clothing
273,Customer_746,332.37,2026-04-22,Toys
274,Customer_748,283.87,2025-12-29,Furniture
275,Customer_407,45.72,2026-03-12,Clothing
276,Customer_988,452.36,2026-04-21,Electronics
277,Customer_942,369.79,2026-03-01,Electronics
278,Customer_854,65.92,2025-10-03,Books
279,Customer_254,367.61,2026-07-15,Toys
280,Customer_429,105.31,2025-08-13,Toys
281,Customer_257,212.45,2026-04-29,Toys
282,Customer_462,255.12,2026-06-04,Electronics
283,Customer_160,77.59,2026-03-31,Clothing
284,Customer_134,134.6,2026-01-15,Clothing
285,Customer_536,319.82,2026-04-10,Electronics
286,Customer_357,422.47,2026-02-09,Clothing
287,Customer_384,239.89,2026-06-17,Books
288,Customer_100,302.22,2026-02-26,Books
289,Customer_239,136.76,2025-12-19,Electronics
290,Customer_234,91.86,2026-04-25,Toys
291,Customer_312,490.9,2026-04-06,Furniture
292,Customer_484,172.28,2026-02-24,Furniture
293,Customer_239,194.06,2025-12-10,Clothing
294,Customer_838,91.83,2026-01-07,Clothing
295,Customer_766,46.4,2025-12-16,Books
296,Customer_796,163.76,2025-12-16,Furniture
297,Customer_836,449.31,2026-05-02,Toys
298,Customer_230,107.31,2026-05-24,Furniture
299,Customer_285,385.26,2025-10-17,Toys
300,Customer_594,499.52,2026-01-04,Books
301,Customer_59,153.98,2026-06-13,Books
302,Customer_316,141.76,2026-02-20,Books
303,Customer_937,14.93,2026-05-09,Electronics
304,Customer_777,401.41,2025-11-08,Books
305,Customer_923,75.57,2025-10-06,Electronics
306,Customer_638,343.77,2025-12-21,Clothing
307,Customer_514,269.0,2025-11-03,Books
308,Customer_48,245.25,2026-04-22,Furniture
309,Customer_120,242.34,2025-10-13,Books
310,Customer_524,145.88,2025-11-22,Books
311,Customer_782,69.32,2025-12-30,Electronics
312,Customer_509,68.25,2025-12-07,Books
313,Customer_752,275.95,2026-07-30,Electronics
314,Customer_509,198.95,2025-08-20,Toys
315,Customer_225,497.64,2026-01-20,Furniture
316,Customer_993,236.22,2025-10-08,Toys
317,Customer_991,447.37,2025-08-30,Electronics
318,Customer_733,488.65,2025-12-11,Toys
319,Customer_47,413.56,2025-09-22,Books
320,Customer_289,218.22,2026-01-03,Electronics
321,Customer_856,420.55,2026-03-12,Electronics
322,Customer_853,334.38,2025-10-27,Electronics
323,Customer_733,440.79,2026-04-08,Toys
324,Customer_194,382.35,2026-04-11,Clothing
325,Customer_186,416.86,2025-12-07,Furniture
326,Customer_523,43.58,2026-05-06,Clothing
327,Customer_470,194.9,2026-07-02,Electronics
328,Customer_243,207.56,2025-10-20,Furniture
329,Customer_577,94.55,2026-06-22,Toys
330,Customer_865,149.43,2025-09-10,Books
331,Customer_570,48.52,2025-11-05,Books
332,Customer_164,127.34,2026-02-23,Electronics
333,Customer_647,486.08,2025-10-21,Books
334,Customer_954,171.03,2025-09-07,Books
335,Customer_339,362.33,2026-02-15,Clothing
336,Customer_125,233.21,2026-06-11,Books
337,Customer_489,234.83,2026-04-12,Clothing
338,Customer_875,63.84,2026-07-22,Books
339,Customer_27,411.35,2025-10-26,Books
340,Customer_900,424.48,2026-01-23,Books
341,Customer_315,335.48,2025-08-04,Books
342,Customer_124,308.01,2026-05-15,Furniture
343,Customer_503,233.28,2025-11-15,Clothing
344,Customer_923,182.02,2026-05-21,Electronics
345,Customer_562,79.83,2026-07-10,Electronics
346,Customer_916,30.18,2026-05-26,Clothing
347,Customer_969,493.62,2026-02-12,Clothing
348,Customer_701,393.53,2026-02-01,Furniture
349,Customer_955,50.76,2025-11-23,Clothing
350,Customer_635,245.29,2026-02-28,Furniture
351,Customer_457,224.43,2025-09-24,Toys
352,Customer_179,401.53,2026-05-12,Clothing
353,Customer_546,87.27,2025-12-17,Furniture
354,Customer_934,271.07,2026-02-26,Electronics
355,Customer_143,318.08,2026-05-09,Electronics
356,Customer_31,317.72,2026-05-27,Toys
357,Customer_446,208.11,2026-05-03,Books
358,Customer_252,433.39,2025-10-29,Electronics
359,Customer_620,431.74,2025-12-27,Clothing
360,Customer_684,414.95,2025-09-17,Toys
361,Customer_219,317.79,2026-01-09,Books
362,Customer_64,406.34,2026-04-30,Electronics
363,Customer_936,301.74,2026-02-18,Electronics
364,Customer_567,276.06,2026-05-22,Furniture
365,Customer_444,195.89,2026-04-27,Furniture
366,Customer_844,384.22,2025-10-17,Electronics
367,Customer_814,166.58,2026-06-27,Electronics
368,Customer_950,494.07,2026-06-03,Furniture
369,Customer_926,401.68,2026-04-03,Furniture
370,Customer_935,280.11,2026-02-10,Toys
371,Customer_423,219.51,2025-11-10,Clothing
372,Customer_145,359.28,2026-06-20,Clothing
373,Customer_230,440.44,2025-11-21,Clothing
374,Customer_689,368.29,2026-03-12,Toys
375,Customer_853,294.23,2025-10-18,Books
376,Customer_344,93.88,2025-09-18,Electronics
377,Customer_765,356.04,2026-06-20,Electronics
378,Customer_902,209.79,2025-09-17,Electronics
379,Customer_703,316.76,2026-03-04,Furniture
380,Customer_177,405.73,2025-12-13,Electronics
381,Customer_998,448.17,2025-12-08,Books
382,Customer_364,351.85,2025-11-18,Books
383,Customer_15,370.85,2025-08-19,Toys
384,Customer_801,443.46,2026-06-14,Clothing
385,Customer_719,251.61,2026-02-05,Clothing
386,Customer_84,285.92,2025-12-08,Electronics
387,Customer_133,103.31,2025-12-15,Electronics
388,Customer_364,261.89,2026-08-02,Electronics
389,Customer_217,50.37,2026-06-09,Furniture
390,Customer_544,128.78,2026-05-13,Toys
391,Customer_84,33.66,2026-02-08,Clothing
392,Customer_784,286.0,2026-02-07,Toys
393,Customer_219,267.63,2026-06-03,Toys
394,Customer_116,227.86,2025-12-08,Furniture
395,Customer_958,50.1,2026-07-11,Books
396,Customer_219,488.43,2026-03-18,Furniture
397,Customer_296,104.06,2026-07-18,Electronics
398,Customer_495,311.66,2026-02-26,Furniture
399,Customer_939,451.28,2026-05-10,Toys
400,Customer_30,220.26,2026-05-19,Furniture
401,Customer_263,206.75,2026-05-30,Furniture
402,Customer_433,334.86,2025-10-31,Electronics
403,Customer_923,261.48,2025-09-11,Electronics
404,Customer_473,424.81,2026-07-28,Books
405,Customer_476,161.58,2026-06-22,Clothing
406,Customer_109,266.16,2026-04-10,Clothing
407,Customer_276,94.74,2026-05-06,Electronics
408,Customer_420,280.82,2026-01-27,Clothing
409,Customer_14,235.68,2026-03-25,Electronics
410,Customer_813,204.12,2026-04-13,Furniture
411,Customer_125,400.02,2026-08-02,Electronics
412,Customer_688,449.09,2026-01-18,Toys
413,Customer_635,412.19,2025-10-19,Toys
414,Customer_486,213.3,2025-12-08,Toys
415,Customer_179,46.44,2025-11-28,Electronics
416,Customer_371,449.4,2025-10-08,Toys
417,Customer_743,180.76,2026-01-12,Toys
418,Customer_264,253.89,2026-02-17,Toys
419,Customer_580,199.28,2026-04-06,Books
420,Customer_307,388.82,2026-03-18,Books
421,Customer_233,64.96,2025-09-13,Furniture
422,Customer_514,415.11,2025-11-27,Toys
423,Customer_485,357.04,2025-09-07,Furniture
424,Customer_796,150.73,2026-05-25,Clothing
425,Customer_37,125.52,2025-10-18,Furniture
426,Customer_209,477.95,2026-06-16,Books
427,Customer_996,165.62,2026-01-06,Clothing
428,Customer_580,452.13,2025-11-22,Electronics
429,Customer_956,404.49,2026-01-23,Books
430,Customer_693,145.73,2026-02-24,Furniture
431,Customer_738,231.41,2026-04-22,Clothing
432,Customer_244,12.62,2026-06-09,Books
433,Customer_78,299.84,2026-05-01,Electronics
434,Customer_934,257.51,2026-04-22,Furniture
435,Customer_194,244.79,2026-01-12,Clothing
436,Customer_119,128.48,2026-05-19,Clothing
437,Customer_845,470.49,2025-11-17,Furniture
438,Customer_848,73.14,2026-02-12,Toys
439,Customer_903,146.53,2026-06-27,Clothing
440,Customer_315,87.25,2026-02-20,Electronics
441,Customer_881,231.35,2026-03-04,Books
442,Customer_31,279.95,2025-12-20,Clothing
443,Customer_62,204.62,2026-02-22,Books
444,Customer_861,202.96,2025-08-15,Clothing
445,Customer_397,108.87,2026-03-25,Furniture
446,Customer_919,441.0,2026-01-01,Electronics
447,Customer_659,67.71,2026-07-08,Clothing
448,Customer_491,80.36,2025-11-15,Books
449,Customer_195,206.16,2026-01-24,Electronics
450,Customer_525,166.52,2026-05-18,Books
451,Customer_860,102.01,2026-01-01,Books
452,Customer_695,450.09,2026-07-09,Electronics
453,Customer_107,179.84,2026-07-15,Electronics
454,Customer_606,306.81,2026-02-09,Books
455,Customer_898,392.04,2026-06-23,Books
456,Customer_540,42.71,2026-03-06,Toys
457,Customer_263,322.97,2026-02-24,Toys
458,Customer_930,99.04,2025-12-08,Clothing
459,Customer_417,277.53,2025-09-23,Books
460,Customer_387,442.21,2025-10-08,Toys
461,Customer_227,52.51,2026-05-09,Furniture
462,Customer_676,50.64,2025-11-28,Books
463,Customer_722,254.41,2026-02-24,Books
464,Customer_660,172.46,2025-10-30,Furniture
465,Customer_687,255.38,2026-04-21,Toys
466,Customer_871,140.09,2025-08-11,Furniture
467,Customer_692,106.72,2025-09-13,Clothing
468,Customer_305,255.91,2025-12-25,Books
469,Customer_844,441.14,2025-10-03,Clothing
470,Customer_925,319.29,2026-03-20,Electronics
471,Customer_555,272.44,2025-12-02,Toys
472,Customer_170,328.5,2025-10-08,Clothing
473,Customer_610,129.69,2026-04-02,Furniture
474,Customer_474,307.81,2026-06-02,Toys
475,Customer_480,389.35,2026-06-29,Furniture
476,Customer_535,409.7,2025-11-28,Toys
477,Customer_421,472.19,2026-01-28,Furniture
478,Customer_387,81.8,2025-11-19,Clothing
479,Customer_601,104.74,2026-06-22,Books
480,Customer_296,244.61,2026-02-09,Toys
481,Customer_162,492.47,2026-01-09,Furniture
482,Customer_304,484.09,2026-04-12,Toys
483,Customer_399,271.57,2025-09-19,Toys
484,Customer_375,431.08,2025-09-01,Toys
485,Customer_330,267.71,2025-12-11,Furniture
486,Customer_157,298.46,2026-03-04,Electronics
487,Customer_636,36.25,2026-05-27,Electronics
488,Customer_635,137.16,2026-02-01,Toys
489,Customer_904,125.57,2025-08-17,Toys
490,Customer_554,94.23,2026-03-23,Electronics
491,Customer_594,249.36,2025-10-03,Clothing
492,Customer_707,18.34,2025-08-12,Electronics
493,Customer_746,24.03,2025-10-07,Clothing
494,Customer_864,68.21,2026-02-13,Electronics
495,Customer_531,152.7,2025-10-26,Books
496,Customer_365,383.52,2025-09-08,Electronics
497,Customer_646,30.47,2026-06-15,Clothing
498,Customer_537,325.84,2025-09-11,Toys
499,Customer_70,289.47,2025-09-23,Toys
500,Customer_270,364.63,2026-04-13,Toys
501,Customer_802,334.89,2026-01-01,Books
502,Customer_145,49.78,2026-05-17,Clothing
503,Customer_767,430.95,2026-02-21,Clothing
504,Customer_922,168.83,2025-11-18,Clothing
505,Customer_565,119.93,2025-11-30,Electronics
506,Customer_330,369.12,2026-03-06,Toys
507,Customer_446,50.91,2025-10-08,Toys
508,Customer_884,109.75,2026-04-09,Clothing
509,Customer_481,262.46,2026-04-12,Toys
510,Customer_112,189.91,2026-01-29,Books
511,Customer_871,81.83,2025-10-27,Electronics
512,Customer_923,279.66,2025-11-29,Books
513,Customer_211,297.25,2025-12-26,Toys
514,Customer_186,11.95,2025-08-20,Electronics
515,Customer_698,440.64,2026-07-13,Toys
516,Customer_353,87.08,2025-10-23,Furniture
517,Customer_657,119.48,2025-12-06,Toys
518,Customer_134,357.68,2025-08-09,Books
519,Customer_101,71.96,2026-01-15,Clothing
520,Customer_130,335.94,2026-06-01,Books
521,Customer_561,406.11,2026-08-02,Clothing
522,Customer_51,117.61,2026-05-25,Furniture
523,Customer_913,473.64,2026-04-24,Toys
524,Customer_775,233.64,2025-08-28,Electronics
525,Customer_594,110.82,2025-08-20,Toys
526,Customer_296,144.24,2026-04-28,Toys
527,Customer_120,485.7,2026-06-02,Clothing
528,Customer_765,310.57,2025-12-26,Toys
529,Customer_97,429.64,2026-05-29,Electronics
530,Customer_579,202.94,2025-09-30,Toys
531,Customer_634,353.49,2025-08-02,Books
532,Customer_443,392.94,2026-05-02,Books
533,Customer_280,142.93,2026-07-30,Toys
534,Customer_657,291.62,2025-11-09,Clothing
535,Customer_936,214.78,2025-10-21,Books
536,Customer_572,318.15,2026-01-28,Electronics
537,Customer_915,175.18,2026-07-28,Toys
538,Customer_528,452.03,2026-05-20,Furniture
539,Customer_534,426.48,2025-10-03,Electronics
540,Customer_845,379.89,2026-04-14,Toys
541,Customer_238,65.21,2025-11-27,Clothing
542,Customer_877,434.45,2025-10-12,Clothing
543,Customer_796,432.01,2026-01-10,Books
544,Customer_176,133.46,2025-12-17,Clothing
545,Customer_743,56.23,2025-09-21,Electronics
546,Customer_337,471.07,2025-11-27,Clothing
547,Customer_824,153.67,2026-02-05,Furniture
548,Customer_618,326.7,2025-10-12,Furniture
549,Customer_765,91.99,2026-01-24,Books
550,Customer_924,77.23,2025-11-08,Clothing
551,Customer_823,59.25,2026-04-20,Clothing
552,Customer_783,393.5,2026-02-05,Furniture
553,Customer_715,280.89,2025-08-28,Toys
554,Customer_461,13.6,2025-08-15,Clothing
555,Customer_247,305.86,2025-08-03,Books
556,Customer_920,254.41,2026-05-19,Electronics
557,Customer_225,402.82,2026-05-23,Clothing
558,Customer_977,239.81,2026-01-03,Electronics
559,Customer_202,259.66,2025-12-14,Books
560,Customer_732,21.61,2025-08-23,Furniture
561,Customer_467,406.34,2026-05-16,Furniture
562,Customer_672,257.06,2026-02-22,Clothing
563,Customer_932,492.1,2025-09-04,Toys
564,Customer_752,188.81,2026-06-15,Toys
565,Customer_740,446.69,2025-11-06,Electronics
566,Customer_504,224.03,2026-02-26,Furniture
567,Customer_301,278.97,2026-05-18,Toys
568,Customer_519,489.04,2025-08-22,Clothing
569,Customer_154,368.03,2025-09-23,Electronics
570,Customer_251,429.87,2026-03-29,Furniture
571,Customer_691,487.99,2026-01-18,Furniture
572,Customer_701,324.63,2025-08-12,Furniture
573,Customer_647,437.3,2026-07-04,Books
574,Customer_363,497.34,2026-03-10,Electronics
575,Customer_720,190.74,2025-08-18,Furniture
576,Customer_22,111.59,2026-06-27,Electronics
577,Customer_305,172.86,2026-06-20,Clothing
578,Customer_353,144.45,2025-11-23,Furniture
579,Customer_349,59.82,2025-12-18,Electronics
580,Customer_77,335.59,2025-12-26,Electronics
581,Customer_664,299.91,2026-01-30,Books
582,Customer_840,426.22,2025-09-26,Books
583,Customer_908,147.85,2026-01-26,Clothing
584,Customer_132,244.53,2026-03-20,Furniture
585,Customer_987,489.13,2026-01-22,Toys
586,Customer_317,84.68,2026-06-28,Toys
587,Customer_432,57.44,2025-11-10,Electronics
588,Customer_600,389.12,2026-01-14,Books
589,Customer_235,469.26,2026-02-14,Electronics
590,Customer_849,224.64,2026-07-12,Furniture
591,Customer_157,225.02,2025-12-16,Books
592,Customer_688,145.88,2026-04-14,Furniture
593,Customer_926,88.2,2025-11-14,Books
594,Customer_411,288.56,2025-09-16,Toys
595,Customer_42,177.01,2026-05-27,Electronics
596,Customer_90,208.97,2026-01-31,Furniture
597,Customer_625,163.82,2026-03-15,Furniture
598,Customer_503,337.34,2025-09-30,Toys
599,Customer_471,170.06,2025-10-02,Toys
600,Customer_303,482.53,2026-03-13,Clothing
601,Customer_364,49.2,2026-04-21,Books
602,Customer_58,392.54,2025-08-26,Furniture
603,Customer_925,290.94,2026-03-15,Toys
604,Customer_730,431.64,2025-08-04,Books
605,Customer_318,55.01,2026-05-05,Electronics
606,Customer_102,397.2,2026-05-11,Books
607,Customer_876,393.65,2025-08-20,Books
608,Customer_217,35.24,2025-12-03,Electronics
609,Customer_941,490.12,2026-05-09,Clothing
610,Customer_463,466.53,2025-08-10,Electronics
611,Customer_689,97.72,2025-11-15,Books
612,Customer_756,224.64,2025-08-27,Furniture
613,Customer_633,248.5,2025-10-04,Furniture
614,Customer_530,45.07,2026-06-12,Furniture
615,Customer_204,410.72,2025-08-15,Books
616,Customer_154,254.05,2026-06-11,Electronics
617,Customer_514,477.43,2026-01-18,Electronics
618,Customer_235,278.54,2025-12-08,Books
619,Customer_296,124.43,2026-01-10,Electronics
620,Customer_194,236.98,2026-02-01,Furniture
621,Customer_604,82.27,2026-07-22,Electronics
622,Customer_618,475.04,2025-09-15,Clothing
623,Customer_708,482.32,2026-06-05,Electronics
624,Customer_766,494.79,2025-09-22,Furniture
625,Customer_88,483.72,2026-01-07,Furniture
626,Customer_221,164.34,2025-08-04,Clothing
627,Customer_571,80.27,2025-11-27,Clothing
628,Customer_925,258.65,2025-09-01,Electronics
629,Customer_434,212.65,2026-01-03,Clothing
630,Customer_592,284.51,2025-09-23,Electronics
631,Customer_207,207.63,2025-09-18,Furniture
632,Customer_407,487.08,2025-10-30,Toys
633,Customer_800,456.76,2026-03-25,Toys
634,Customer_121,373.67,2025-09-18,Clothing
635,Customer_982,327.92,2026-05-21,Electronics
636,Customer_268,42.77,2025-12-17,Electronics
637,Customer_658,288.0,2026-05-19,Books
638,Customer_941,357.8,2026-02-18,Toys
639,Customer_205,363.43,2026-05-06,Clothing
640,Customer_431,265.88,2026-06-25,Toys
641,Customer_982,31.23,2025-11-26,Toys
642,Customer_583,70.58,2026-01-18,Furniture
643,Customer_592,263.1,2025-08-27,Furniture
644,Customer_847,16.7,2025-10-02,Books
645,Customer_289,332.57,2025-10-31,Clothing
646,Customer_678,329.13,2025-10-22,Electronics
647,Customer_125,131.0,2025-11-30,Electronics
648,Customer_92,367.41,2025-09-21,Electronics
649,Customer_222,384.63,2026-04-19,Furniture
650,Customer_208,129.91,2026-07-14,Furniture
651,Customer_957,488.96,2026-05-04,Electronics
652,Customer_461,220.91,2026-02-23,Toys
653,Customer_19,481.19,2026-03-02,Clothing
654,Customer_504,356.98,2026-05-26,Clothing
655,Customer_460,455.16,2025-10-26,Electronics
656,Customer_713,394.03,2025-12-08,Books
657,Customer_703,426.09,2026-05-02,Toys
658,Customer_111,348.83,2026-04-12,Furniture
659,Customer_252,347.34,2025-08-19,Books
660,Customer_738,188.87,2026-06-22,Clothing
661,Customer_127,269.04,2025-09-19,Clothing
662,Customer_343,59.31,2025-08-30,Clothing
663,Customer_915,485.02,2026-01-13,Furniture
664,Customer_859,381.5,2026-05-12,Furniture
665,Customer_556,159.29,2026-01-09,Toys
666,Customer_479,198.75,2025-09-02,Toys
667,Customer_116,366.11,2026-04-20,Furniture
668,Customer_11,465.13,2026-07-08,Toys
669,Customer_613,142.64,2026-07-04,Clothing
670,Customer_88,218.44,2025-11-17,Furniture
671,Customer_132,472.28,2026-07-27,Books
672,Customer_538,458.53,2025-10-27,Electronics
673,Customer_278,201.62,2026-06-03,Toys
674,Customer_546,278.58,2026-07-01,Furniture
675,Customer_538,241.28,2026-01-21,Toys
676,Customer_944,352.25,2026-04-09,Furniture
677,Customer_288,323.56,2026-01-20,Toys
678,Customer_592,154.69,2025-08-08,Books
679,Customer_634,465.65,2025-09-13,Clothing
680,Customer_158,140.28,2025-08-26,Books
681,Customer_576,168.72,2026-07-14,Furniture
682,Customer_517,405.41,2025-12-04,Electronics
683,Customer_419,377.53,2025-09-25,Clothing
684,Customer_693,205.26,2026-03-31,Clothing
685,Customer_563,13.81,2026-07-23,Clothing
686,Customer_748,489.86,2025-11-10,Furniture
687,Customer_572,108.34,2025-10-02,Furniture
688,Customer_83,259.09,2026-02-08,Clothing
689,Customer_43,412.02,2026-06-12,Clothing
690,Customer_346,66.98,2026-06-13,Furniture
691,Customer_730,268.54,2025-12-16,Electronics
692,Customer_72,356.29,2025-10-11,Furniture
693,Customer_921,428.05,2026-03-23,Toys
694,Customer_193,248.24,2025-09-24,Furniture
695,Customer_756,383.76,2026-03-08,Books
696,Customer_80,471.04,2026-02-03,Books
697,Customer_658,211.16,2025-10-05,Furniture
698,Customer_986,121.64,2026-01-24,Books
699,Customer_648,365.53,2026-01-25,Books
700,Customer_910,307.45,2025-09-25,Clothing
701,Customer_570,143.44,2025-08-13,Books
702,Customer_395,224.81,2025-10-22,Clothing
703,Customer_508,355.83,2026-06-12,Books
704,Customer_990,40.75,2026-04-06,Clothing
705,Customer_93,410.31,2025-08-12,Clothing
706,Customer_628,414.74,2026-06-06,Furniture
707,Customer_477,210.32,2026-02-03,Clothing
708,Customer_997,69.96,2026-03-09,Books
709,Customer_791,261.77,2026-05-15,Electronics
710,Customer_468,73.4,2026-04-19,Electronics
711,Customer_383,437.07,2026-04-12,Books
712,Customer_285,76.57,2026-01-20,Toys
713,Customer_542,490.91,2025-11-22,Toys
714,Customer_636,441.34,2026-02-24,Toys
715,Customer_97,165.96,2026-04-18,Furniture
716,Customer_828,283.0,2026-04-30,Clothing
717,Customer_658,224.41,2026-03-28,Books
718,Customer_337,327.92,2026-05-17,Books
719,Customer_928,313.73,2026-08-02,Books
720,Customer_999,295.39,2026-03-28,Clothing
721,Customer_508,444.3,2025-10-18,Toys
722,Customer_602,466.39,2025-08-24,Toys
723,Customer_235,197.15,2025-10-26,Toys
724,Customer_206,38.84,2026-03-07,Clothing
725,Customer_859,105.88,2026-06-06,Clothing
726,Customer_308,80.4,2026-04-24,Furniture
727,Customer_852,27.64,2026-05-29,Books
728,Customer_268,273.49,2025-08-16,Furniture
729,Customer_160,125.91,2026-06-14,Toys
730,Customer_238,243.98,2026-03-19,Toys
731,Customer_781,323.21,2025-10-23,Furniture
732,Customer_557,104.07,2026-02-22,Toys
733,Customer_5,169.7,2026-06-16,Electronics
734,Customer_213,494.61,2026-02-26,Furniture
735,Customer_43,41.51,2026-01-11,Electronics
736,Customer_302,246.59,2025-09-15,Clothing
737,Customer_386,289.78,2025-11-13,Toys
738,Customer_742,241.03,2025-08-02,Electronics
739,Customer_200,175.49,2026-03-23,Clothing
740,Customer_662,276.62,2026-01-05,Books
741,Customer_342,256.23,2026-07-15,Books
742,Customer_248,33.22,2025-09-23,Books
743,Customer_373,98.26,2025-11-05,Books
744,Customer_382,249.23,2025-09-28,Electronics
745,Customer_158,372.72,2026-01-07,Books
746,Customer_246,336.37,2025-12-04,Books
747,Customer_174,26.3,2025-11-10,Clothing
748,Customer_39,430.59,2026-03-31,Furniture
749,Customer_328,283.36,2026-07-26,Toys
750,Customer_902,177.77,2026-02-10,Books
751,Customer_640,33.09,2026-01-11,Toys
752,Customer_345,35.4,2026-05-08,Electronics
753,Customer_458,255.26,2026-05-16,Furniture
754,Customer_960,268.38,2025-10-21,Clothing
755,Customer_28,125.7,2026-03-17,Furniture
756,Customer_664,84.96,2025-10-03,Toys
757,Customer_46,402.52,2025-10-08,Toys
758,Customer_674,420.63,2025-11-11,Clothing
759,Customer_912,59.42,2026-01-14,Clothing
760,Customer_57,342.7,2026-06-21,Toys
761,Customer_650,290.82,2026-07-27,Electronics
762,Customer_704,390.08,2026-01-18,Books
763,Customer_183,488.8,2026-05-11,Clothing
764,Customer_626,170.58,2025-08-08,Books
765,Customer_985,443.65,2025-11-18,Electronics
766,Customer_509,245.21,2026-01-20,Clothing
767,Customer_548,218.06,2025-12-19,Clothing
768,Customer_458,37.7,2025-10-27,Furniture
769,Customer_115,53.41,2026-01-15,Furniture
770,Customer_244,44.87,2025-10-04,Clothing
771,Customer_739,272.58,2025-12-08,Furniture
772,Customer_761,329.42,2025-10-14,Electronics
773,Customer_508,121.6,2026-03-13,Electronics
774,Customer_636,190.95,2025-08-24,Clothing
775,Customer_969,210.33,2026-04-14,Electronics
776,Customer_432,221.63,2025-08-15,Toys
777,Customer_888,102.11,2025-12-16,Books
778,Customer_550,416.2,2025-09-06,Books
779,Customer_515,438.76,2025-12-30,Furniture
780,Customer_129,359.98,2026-04-13,Electronics
781,Customer_526,315.89,2026-07-17,Books
782,Customer_638,110.42,2026-04-25,Books
783,Customer_872,319.59,2026-01-17,Clothing
784,Customer_195,477.17,2025-08-07,Books
785,Customer_832,65.02,2026-06-11,Furniture
786,Customer_556,320.92,2025-11-28,Electronics
787,Customer_964,226.25,2025-09-26,Furniture
788,Customer_862,28.6,2026-06-04,Clothing
789,Customer_306,210.33,2025-08-11,Clothing
790,Customer_676,147.32,2026-06-08,Furniture
791,Customer_762,50.59,2026-03-30,Toys
792,Customer_746,306.07,2025-10-08,Furniture
793,Customer_52,410.75,2025-12-02,Toys
794,Customer_594,107.98,2026-03-29,Furniture
795,Customer_581,83.22,2025-12-22,Furniture
796,Customer_868,270.44,2026-02-17,Toys
797,Customer_703,357.04,2025-12-27,Furniture
798,Customer_717,125.41,2026-06-29,Electronics
799,Customer_215,441.92,2026-03-19,Clothing
800,Customer_849,342.72,2026-08-01,Clothing
801,Customer_474,165.41,2026-07-21,Clothing
802,Customer_693,212.74,2026-01-10,Electronics
803,Customer_118,456.38,2026-06-11,Toys
804,Customer_87,14.22,2026-01-05,Toys
805,Customer_739,460.22,2026-03-29,Books
806,Customer_451,36.79,2025-12-05,Furniture
807,Customer_536,262.09,2025-10-29,Electronics
808,Customer_503,56.8,2025-11-02,Books
809,Customer_25,231.06,2026-06-28,Toys
810,Customer_463,113.16,2025-10-04,Books
811,Customer_994,301.24,2025-10-28,Toys
812,Customer_154,306.58,2025-10-11,Furniture
813,Customer_693,68.8,2026-03-12,Toys
814,Customer_937,393.48,2026-03-05,Electronics
815,Customer_617,122.3,2026-06-03,Furniture
816,Customer_57,153.36,2025-12-23,Toys
817,Customer_500,66.74,2025-08-13,Clothing
818,Customer_765,53.8,2025-11-29,Clothing
819,Customer_412,16.54,2026-04-24,Electronics
820,Customer_236,395.86,2025-08-13,Clothing
821,Customer_738,82.47,2025-12-24,Clothing
822,Customer_724,342.9,2026-03-11,Toys
823,Customer_835,430.54,2025-11-18,Clothing
824,Customer_402,136.08,2026-02-22,Electronics
825,Customer_114,388.8,2025-08-02,Clothing
826,Customer_693,55.79,2026-06-24,Furniture
827,Customer_503,324.85,2025-10-23,Books
828,Customer_969,104.33,2026-03-15,Furniture
829,Customer_956,370.49,2025-09-18,Clothing
830,Customer_329,251.52,2026-05-23,Toys
831,Customer_861,400.26,2026-05-15,Clothing
832,Customer_496,25.8,2026-02-12,Books
833,Customer_391,19.59,2026-06-19,Books
834,Customer_501,278.22,2025-10-09,Electronics
835,Customer_790,350.31,2026-04-17,Toys
836,Customer_104,52.85,2026-02-19,Furniture
837,Customer_650,185.74,2026-02-26,Clothing
838,Customer_347,248.23,2025-12-06,Clothing
839,Customer_795,202.65,2026-03-30,Clothing
840,Customer_76,381.36,2026-06-23,Clothing
841,Customer_385,113.88,2026-03-12,Clothing
842,Customer_556,316.89,2026-06-23,Electronics
843,Customer_937,448.56,2025-08-30,Clothing
844,Customer_357,405.81,2026-02-13,Books
845,Customer_397,341.91,2026-02-03,Clothing
846,Customer_94,466.91,2026-03-30,Toys
847,Customer_364,17.31,2026-04-24,Clothing
848,Customer_107,153.42,2026-05-29,Books
849,Customer_621,92.9,2026-03-01,Clothing
850,Customer_673,109.44,2025-08-16,Electronics
851,Customer_244,394.88,2026-06-25,Electronics
852,Customer_873,329.32,2025-10-29,Toys
853,Customer_138,305.63,2026-04-02,Books
854,Customer_71,427.19,2026-04-05,Clothing
855,Customer_376,434.14,2026-03-03,Clothing
856,Customer_301,441.85,2026-06-26,Clothing
857,Customer_44,90.98,2026-07-11,Clothing
858,Customer_258,362.36,2025-10-18,Books
859,Customer_228,94.56,2025-08-05,Toys
860,Customer_170,122.36,2026-02-16,Clothing
861,Customer_653,241.13,2026-06-08,Electronics
862,Customer_630,352.95,2026-07-29,Books
863,Customer_312,338.14,2026-06-15,Clothing
864,Customer_166,318.87,2025-09-04,Furniture
865,Customer_604,279.16,2026-02-20,Toys
866,Customer_201,281.06,2026-02-07,Toys
867,Customer_738,348.03,2026-04-03,Furniture
868,Customer_663,94.94,2026-02-23,Electronics
869,Customer_648,47.25,2025-12-28,Toys
870,Customer_688,15.43,2026-05-06,Books
871,Customer_462,178.28,2025-08-25,Furniture
872,Customer_421,177.06,2026-07-05,Electronics
873,Customer_908,139.64,2025-08-12,Furniture
874,Customer_425,318.9,2026-02-07,Toys
875,Customer_414,356.8,2025-11-23,Furniture
876,Customer_607,203.35,2025-12-12,Electronics
877,Customer_517,351.29,2026-05-18,Furniture
878,Customer_644,42.36,2026-06-22,Furniture
879,Customer_449,34.01,2026-01-24,Clothing
880,Customer_6,104.95,2025-12-18,Furniture
881,Customer_205,151.38,2025-12-18,Clothing
882,Customer_29,262.85,2026-07-10,Electronics
883,Customer_157,358.69,2025-11-23,Clothing
884,Customer_715,461.0,2026-01-12,Furniture
885,Customer_860,486.98,2026-03-10,Furniture
886,Customer_190,99.95,2025-10-22,Furniture
887,Customer_434,169.75,2025-08-10,Toys
888,Customer_454,406.33,2026-03-01,Books
889,Customer_823,285.7,2026-06-04,Clothing
890,Customer_573,77.71,2025-09-25,Books
891,Customer_957,490.85,2026-01-21,Clothing
892,Customer_524,255.39,2026-07-11,Books
893,Customer_956,226.58,2026-07-16,Electronics
894,Customer_838,494.67,2025-12-27,Electronics
895,Customer_964,341.62,2025-10-06,Toys
896,Customer_185,346.12,2026-01-06,Electronics
897,Customer_167,304.16,2026-06-01,Toys
898,Customer_534,41.44,2026-05-11,Toys
899,Customer_307,280.2,2026-05-24,Books
900,Customer_685,400.42,2026-07-05,Furniture
901,Customer_668,192.44,2026-02-23,Toys
902,Customer_4,49.94,2026-06-17,Toys
903,Customer_620,329.86,2026-06-11,Toys
904,Customer_814,282.72,2025-09-18,Books
905,Customer_956,77.41,2025-08-11,Furniture
906,Customer_860,71.1,2026-03-02,Clothing
907,Customer_771,455.42,2026-05-14,Books
908,Customer_529,136.94,2026-06-15,Books
909,Customer_661,195.96,2025-11-08,Clothing
910,Customer_458,452.45,2026-02-12,Toys
911,Customer_304,69.46,2026-03-05,Clothing
912,Customer_963,354.39,2026-06-05,Furniture
913,Customer_318,354.23,2025-11-15,Toys
914,Customer_331,245.34,2025-09-17,Books
915,Customer_883,406.01,2025-09-01,Books
916,Customer_586,480.46,2026-05-08,Toys
917,Customer_119,109.35,2026-05-09,Electronics
918,Customer_90,339.19,2025-12-22,Electronics
919,Customer_566,273.0,2026-03-08,Books
920,Customer_413,57.41,2025-09-01,Clothing
921,Customer_549,102.54,2025-08-23,Electronics
922,Customer_270,143.36,2025-10-17,Furniture
923,Customer_420,117.71,2025-12-03,Furniture
924,Customer_828,55.53,2026-03-27,Clothing
925,Customer_468,35.04,2026-01-09,Books
926,Customer_931,443.59,2026-04-07,Books
927,Customer_400,474.64,2026-04-16,Books
928,Customer_549,412.09,2025-10-26,Books
929,Customer_31,292.45,2026-03-23,Toys
930,Customer_934,343.98,2026-02-13,Furniture
931,Customer_130,385.43,2026-07-23,Clothing
932,Customer_463,305.98,2025-09-03,Books
933,Customer_530,353.66,2025-11-22,Electronics
934,Customer_145,405.52,2026-02-21,Clothing
935,Customer_97,187.16,2026-03-20,Electronics
936,Customer_808,254.38,2026-01-19,Books
937,Customer_590,77.79,2025-10-11,Books
938,Customer_36,345.18,2026-01-22,Books
939,Customer_61,343.81,2025-09-01,Furniture
940,Customer_63,435.37,2025-08-06,Books
